Time (%),Total Time (ns),Instances,Avg (ns),Med (ns),Min (ns),Max (ns),StdDev (ns),Name
9.0,373864859,28416,13156.8,13936.0,9248,18528,2933.8,"void mul_mat_vec_q<(ggml_type)8, (int)3, (bool)0, (bool)0, (bool)0>(const void *, const void *, const int *, ggml_cuda_mm_fusion_args_device, float *, unsigned int, uint3, unsigned int, unsigned int, unsigned int, uint3, unsigned int, unsigned int, unsigned int, uint3, unsigned int, unsigned int, unsigned int, unsigned int)"
8.1,336526445,10656,31580.9,34784.0,3872,66815,18980.0,"void mul_mat_vec_q<(ggml_type)14, (int)3, (bool)0, (bool)0, (bool)0>(const void *, const void *, const int *, ggml_cuda_mm_fusion_args_device, float *, unsigned int, uint3, unsigned int, unsigned int, unsigned int, uint3, unsigned int, unsigned int, unsigned int, uint3, unsigned int, unsigned int, unsigned int, unsigned int)"
7.5,312783104,317,986697.5,1030592.0,3968,1034400,206820.6,"void mul_mat_vec_q<(ggml_type)13, (int)1, (bool)0, (bool)0, (bool)0>(const void *, const void *, const int *, ggml_cuda_mm_fusion_args_device, float *, unsigned int, uint3, unsigned int, unsigned int, unsigned int, uint3, unsigned int, unsigned int, unsigned int, uint3, unsigned int, unsigned int, unsigned int, unsigned int)"
5.1,212856036,1976,107720.7,107232.0,69408,137664,8203.5,"void mul_mat_vec_q_moe<(ggml_type)21, (int)2, (bool)1>(const void *, const void *, const int *, ggml_cuda_mm_fusion_args_device, float *, unsigned int, uint3, unsigned int, unsigned int, unsigned int, unsigned int, unsigned int, unsigned int, unsigned int, unsigned int, unsigned int)"
5.1,211823237,2220,95415.9,29632.0,3904,1051072,254618.2,"void mul_mat_vec_q<(ggml_type)13, (int)3, (bool)0, (bool)0, (bool)0>(const void *, const void *, const int *, ggml_cuda_mm_fusion_args_device, float *, unsigned int, uint3, unsigned int, unsigned int, unsigned int, uint3, unsigned int, unsigned int, unsigned int, uint3, unsigned int, unsigned int, unsigned int, unsigned int)"
3.9,162508886,10944,14849.1,14752.0,14144,17248,409.9,void cutlass::Kernel2<cutlass_80_wmma_tensorop_s161616gemm_bf16_16x16_128x1_tn_align8>(T1::Params)
3.8,159778129,4560,35039.1,35072.0,22944,45216,1801.7,"void mul_mat_vec_q_moe<(ggml_type)42, (int)2, (bool)0>(const void *, const void *, const int *, ggml_cuda_mm_fusion_args_device, float *, unsigned int, uint3, unsigned int, unsigned int, unsigned int, unsigned int, unsigned int, unsigned int, unsigned int, unsigned int, unsigned int)"
3.8,159683938,9916,16103.7,4576.0,3008,45184,13778.2,"void mul_mat_vec_q<(ggml_type)23, (int)3, (bool)0, (bool)0, (bool)0>(const void *, const void *, const int *, ggml_cuda_mm_fusion_args_device, float *, unsigned int, uint3, unsigned int, unsigned int, unsigned int, uint3, unsigned int, unsigned int, unsigned int, uint3, unsigned int, unsigned int, unsigned int, unsigned int)"
3.7,155222496,2735,56754.1,55936.0,37216,72000,5865.6,"void mul_mat_vec_q_moe<(ggml_type)20, (int)2, (bool)0>(const void *, const void *, const int *, ggml_cuda_mm_fusion_args_device, float *, unsigned int, uint3, unsigned int, unsigned int, unsigned int, unsigned int, unsigned int, unsigned int, unsigned int, unsigned int, unsigned int)"
3.4,142606176,7400,19271.1,14928.0,3168,53504,16285.2,"void mul_mat_vec_q<(ggml_type)12, (int)3, (bool)0, (bool)0, (bool)0>(const void *, const void *, const int *, ggml_cuda_mm_fusion_args_device, float *, unsigned int, uint3, unsigned int, unsigned int, unsigned int, uint3, unsigned int, unsigned int, unsigned int, uint3, unsigned int, unsigned int, unsigned int, unsigned int)"
3.2,135050738,10952,12331.1,11392.0,7104,132736,14329.9,"void mul_mat_f<__nv_bfloat162, (int)32, (int)3, (int)7, (bool)0>(const T1 *, const float *, const int *, float *, int, int, int, int, int, int, int, int, int, int, int, int, int, int, int, int)"
3.1,131182370,1520,86304.2,85920.0,53280,111136,5827.2,"void mul_mat_vec_q_moe<(ggml_type)22, (int)2, (bool)1>(const void *, const void *, const int *, ggml_cuda_mm_fusion_args_device, float *, unsigned int, uint3, unsigned int, unsigned int, unsigned int, unsigned int, unsigned int, unsigned int, unsigned int, unsigned int, unsigned int)"
2.9,121986612,1520,80254.4,79680.0,49888,102048,6777.0,"void mul_mat_vec_q_moe<(ggml_type)17, (int)2, (bool)1>(const void *, const void *, const int *, ggml_cuda_mm_fusion_args_device, float *, unsigned int, uint3, unsigned int, unsigned int, unsigned int, unsigned int, unsigned int, unsigned int, unsigned int, unsigned int, unsigned int)"
2.7,113464195,5698,19913.0,19904.0,15776,22976,842.8,"void concat_non_cont<unsigned int, (int)0>(const char *, const char *, char *, long, long, long, long, unsigned long, unsigned long, unsigned long, unsigned long, long, long, long, long, unsigned long, unsigned long, unsigned long, unsigned long, long, long, long, long, unsigned long, unsigned long, unsigned long, unsigned long)"
2.5,103058790,8140,12660.8,5855.0,3808,61408,12802.8,"void mul_mat_vec_q<(ggml_type)21, (int)3, (bool)0, (bool)0, (bool)0>(const void *, const void *, const int *, ggml_cuda_mm_fusion_args_device, float *, unsigned int, uint3, unsigned int, unsigned int, unsigned int, uint3, unsigned int, unsigned int, unsigned int, uint3, unsigned int, unsigned int, unsigned int, unsigned int)"
2.4,100857456,1368,73726.2,73200.0,45824,94144,5159.9,"void mul_mat_vec_q_moe<(ggml_type)16, (int)2, (bool)1>(const void *, const void *, const int *, ggml_cuda_mm_fusion_args_device, float *, unsigned int, uint3, unsigned int, unsigned int, unsigned int, unsigned int, unsigned int, unsigned int, unsigned int, unsigned int, unsigned int)"
2.3,97638826,96699,1009.7,800.0,672,7008,561.6,"quantize_q8_1(const float *, void *, long, long, long, long, long, unsigned int, uint3)"
1.9,80922259,911,88827.9,88192.0,60160,117056,6054.1,"void mul_mat_vec_q_moe<(ggml_type)18, (int)2, (bool)1>(const void *, const void *, const int *, ggml_cuda_mm_fusion_args_device, float *, unsigned int, uint3, unsigned int, unsigned int, unsigned int, unsigned int, unsigned int, unsigned int, unsigned int, unsigned int, unsigned int)"
1.8,74282244,7360,10092.7,10112.0,9920,10400,59.4,"void k_argsort_f32_i32<(ggml_sort_order)1>(const float *, int *, int, int)"
1.8,73175109,5580,13113.8,12256.0,5216,83040,7952.0,"void gated_delta_net_cuda<(int)128, (bool)0, (bool)1>(const float *, const float *, const float *, const float *, const float *, const float *, float *, float *, long, long, long, long, long, long, long, long, long, long, long, long, uint3, uint3, float, long, int)"
1.4,58362516,60886,958.6,672.0,576,15072,721.0,"scale_f32(const float *, float *, float, float, long)"
1.2,49254735,5604,8789.2,8896.0,1888,9920,761.4,"void k_get_rows_float_vec<float>(const T1 *, const int *, T1 *, long, long, uint3, unsigned long, unsigned long, unsigned long, unsigned long, unsigned long, unsigned long, unsigned long, unsigned long, unsigned long)"
1.2,49051713,16847,2911.6,2816.0,2528,8000,439.7,"void rms_norm_f32<(int)1024, (bool)1, (bool)0>(const float *, float *, int, long, long, long, float, const float *, long, long, long, uint3, uint3, uint3, uint3, const float *, long, long, long, uint3, uint3, uint3, uint3)"
1.1,46444611,14783,3141.8,3104.0,2880,4064,127.9,void cutlass::Kernel2<cutlass_80_wmma_tensorop_s161616gemm_bf16_32x32_128x2_tn_align2>(T1::Params)
1.0,39646177,33410,1186.7,1024.0,736,6176,470.5,"void convert_unary<float, __nv_bfloat16>(const void *, T2 *, long, long, long, uint3, long, long, long)"
0.8,33952219,5920,5735.2,5728.0,5248,6784,154.0,"void mul_mat_vec_q<(ggml_type)20, (int)3, (bool)0, (bool)0, (bool)0>(const void *, const void *, const int *, ggml_cuda_mm_fusion_args_device, float *, unsigned int, uint3, unsigned int, unsigned int, unsigned int, uint3, unsigned int, unsigned int, unsigned int, uint3, unsigned int, unsigned int, unsigned int, unsigned int)"
0.7,29585854,30330,975.5,896.0,704,2784,228.8,"void k_bin_bcast<&op_add, float, float, float, const float *>(const T2 *, const T3 *, T4 *, unsigned int, unsigned int, unsigned int, uint3, uint3, uint3, uint3, uint3, unsigned int, unsigned int, unsigned int, unsigned int, unsigned int, unsigned int, unsigned int, unsigned int, unsigned int, unsigned int, unsigned int, T5...)"
0.7,27174407,2134,12734.0,5856.0,1888,47808,14808.1,"void mul_mat_vec_q<(ggml_type)12, (int)1, (bool)0, (bool)0, (bool)0>(const void *, const void *, const int *, ggml_cuda_mm_fusion_args_device, float *, unsigned int, uint3, unsigned int, unsigned int, unsigned int, uint3, unsigned int, unsigned int, unsigned int, uint3, unsigned int, unsigned int, unsigned int, unsigned int)"
0.6,25090561,15478,1621.0,1504.0,928,7488,546.8,"void dsv4_hc_post_f32<(bool)0>(const float *, const float *, const float *, const float *, float *, long, long, long, long, long, long, long, long, long, long, long, long, long, long, long, long)"
0.6,24739331,12862,1923.4,3136.0,480,4992,1364.8,"void cub::_V_300304_SM_1200::detail::topk::DeviceTopKKernel<cub::_V_300304_SM_1200::detail::topk::policy_hub<float, unsigned int>::Policy900, const float *, cuda::__4::discard_iterator, cuda::__4::counting_iterator<int, (int)0, (int)0>, int *, unsigned int, unsigned int, float, cub::_V_300304_SM_1200::detail::topk::extract_bin_op_t<float, (cub::_V_300304_SM_1200::detail::topk::select)1, (int)11>, cub::_V_300304_SM_1200::detail::topk::identify_candidates_op_t<float, (cub::_V_300304_SM_1200::detail::topk::select)1, (int)11>, (bool)0>(T2, T3, T4, T5, T8 *, T6 *, T8 *, T6 *, cub::_V_300304_SM_1200::detail::topk::Counter<cuda::std::__4::iterator_traits<T2, void>::value_type, T6, T7> *, T6 *, T6, T7, T6, T9, T10, int)"
0.6,24389823,11160,2185.5,2272.0,800,9344,892.3,"void rms_norm_f32<(int)256, (bool)0, (bool)0>(const float *, float *, int, long, long, long, float, const float *, long, long, long, uint3, uint3, uint3, uint3, const float *, long, long, long, uint3, uint3, uint3, uint3)"
0.6,24108675,16282,1480.7,1248.0,832,3168,556.8,"void k_get_rows_float<float, float>(const T1 *, const int *, T2 *, long, long, uint3, unsigned long, unsigned long, unsigned long, unsigned long, unsigned long, unsigned long, unsigned long, unsigned long, unsigned long)"
0.5,21853419,15095,1447.7,1408.0,928,2016,117.2,"void cublasLt::splitKreduce_kernel<(int)32, (int)16, int, float, float, float, float, (bool)0, float, float, float, (bool)1, (bool)0, (bool)0, (bool)0>(cublasLt::cublasSplitKParams<T6>, const T4 *, const T10 *, T9 *, T5 *, const T6 *, const T6 *, const T11 *, const T4 *, T11 *, void *, long, T6 *, int *, T6 *, T6 *, const T6 *, const T6 *, const T6 *, const T6 *, const T6 *)"
0.5,21100238,28952,728.8,608.0,512,2112,220.6,"void unary_op_kernel<&op_sigmoid, float>(const T2 *, T2 *, int)"
0.5,20077404,13926,1441.7,1408.0,1152,6496,394.6,"void rms_norm_f32<(int)256, (bool)1, (bool)0>(const float *, float *, int, long, long, long, float, const float *, long, long, long, uint3, uint3, uint3, uint3, const float *, long, long, long, uint3, uint3, uint3, uint3)"
0.4,17791954,600,29653.3,7488.0,6400,54496,23005.0,"void mul_mat_vec_q<(ggml_type)12, (int)1, (bool)1, (bool)0, (bool)0>(const void *, const void *, const int *, ggml_cuda_mm_fusion_args_device, float *, unsigned int, uint3, unsigned int, unsigned int, unsigned int, uint3, unsigned int, unsigned int, unsigned int, uint3, unsigned int, unsigned int, unsigned int, unsigned int)"
0.4,17668269,553,31949.9,21600.0,3680,438176,29592.4,"void mul_mat_vec_q<(ggml_type)12, (int)4, (bool)0, (bool)0, (bool)0>(const void *, const void *, const int *, ggml_cuda_mm_fusion_args_device, float *, unsigned int, uint3, unsigned int, unsigned int, unsigned int, uint3, unsigned int, unsigned int, unsigned int, uint3, unsigned int, unsigned int, unsigned int, unsigned int)"
0.4,17586375,14976,1174.3,1184.0,640,3968,249.5,"void k_bin_bcast<&op_mul, float, float, float, const float *>(const T2 *, const T3 *, T4 *, unsigned int, unsigned int, unsigned int, uint3, uint3, uint3, uint3, uint3, unsigned int, unsigned int, unsigned int, unsigned int, unsigned int, unsigned int, unsigned int, unsigned int, unsigned int, unsigned int, unsigned int, T5...)"
0.4,17451715,5580,3127.5,3424.0,1504,8704,918.0,"void ssm_conv_f32<(bool)1, (unsigned long)128, (unsigned long)4>(const float *, const float *, const float *, int, int, int, int, float *, int, int, int, long)"
0.4,17069257,15632,1091.9,1056.0,832,2368,133.3,"void dsv4_hc_pre_f32<(bool)1>(const float *, const float *, float *, long, long, long, long, long, long, long, long, long, long, long, float)"
0.4,15627955,1950,8014.3,7936.0,6464,10080,330.8,"void flash_attn_ext_f16<(int)256, (int)256, (int)4, (int)8, (bool)0, (bool)0, (bool)0>(const char *, const char *, const char *, const char *, const char *, const int *, float *, float2 *, float, float, float, float, unsigned int, float, int, uint3, int, int, int, int, int, int, int, int, int, int, int, long, int, int, long, int, int, int, int, int, long)"
0.4,15322810,695,22047.2,9504.0,5024,44512,17985.9,"void mul_mat_vec_q<(ggml_type)8, (int)1, (bool)0, (bool)1, (bool)0>(const void *, const void *, const int *, ggml_cuda_mm_fusion_args_device, float *, unsigned int, uint3, unsigned int, unsigned int, unsigned int, uint3, unsigned int, unsigned int, unsigned int, uint3, unsigned int, unsigned int, unsigned int, unsigned int)"
0.4,14816420,6431,2303.9,2240.0,2176,3168,163.8,"void cub::_V_300304_SM_1200::detail::topk::DeviceTopKKernel<cub::_V_300304_SM_1200::detail::topk::policy_hub<float, unsigned int>::Policy900, const float *, cuda::__4::discard_iterator, cuda::__4::counting_iterator<int, (int)0, (int)0>, int *, unsigned int, unsigned int, float, cub::_V_300304_SM_1200::detail::topk::extract_bin_op_t<float, (cub::_V_300304_SM_1200::detail::topk::select)1, (int)11>, cub::_V_300304_SM_1200::detail::topk::identify_candidates_op_t<float, (cub::_V_300304_SM_1200::detail::topk::select)1, (int)11>, (bool)1>(T2, T3, T4, T5, T8 *, T6 *, T8 *, T6 *, cub::_V_300304_SM_1200::detail::topk::Counter<cuda::std::__4::iterator_traits<T2, void>::value_type, T6, T7> *, T6 *, T6, T7, T6, T9, T10, int)"
0.3,11875041,16239,731.3,736.0,544,2304,54.7,"void unary_op_kernel<&op_silu, float>(const T2 *, T2 *, int)"
0.3,11355715,7739,1467.3,1408.0,1152,4288,250.6,"moe_weighted_reduction_f32(const float *, const float *, const float *, float *, long, int)"
0.3,11233952,8346,1346.0,1280.0,928,3296,334.1,"void rope_multi<(bool)1, (bool)0, float>(const T3 *, T3 *, int, int, int, int, int, int, int, int, int, int, int, const int *, float, float, float, rope_corr_dims, float, const float *, mrope_sections, bool, bool)"
0.3,10697028,7360,1453.4,1440.0,1312,1856,41.5,"void soft_max_f32<(bool)1, (int)512, (int)512, float>(const float *, const T4 *, const float *, float *, soft_max_params)"
0.2,10232798,7200,1421.2,1408.0,1248,1888,68.9,"void dot_kernel<float, (int)128, (int)0, cublasDotParams<cublasGemvTensorStridedBatched<const __nv_bfloat16>, cublasGemvTensorStridedBatched<float>>>(T4)"
0.2,9119141,5580,1634.3,1664.0,1152,6080,412.4,"void k_set_rows_quant<long, block_q8_0, (int)32, &quantize_f32_q8_0_block>(const float *, const T1 *, T2 *, long, long, long, long, long, long, long, long, long, long, long, long, long, long, uint3, uint3, uint3, uint3, uint3)"
0.2,8535010,7200,1185.4,1184.0,896,1440,55.1,"void reduce_1Block_kernel<float, (int)128, (int)7, cublasGemvTensorStridedBatched<float>, cublasGemvTensorStridedBatched<const float>, cublasGemvTensorStridedBatched<float>>(const T1 *, T1, T4, int, const T1 *, T1, T5, T6, cublasPointerMode_t, cublasLtEpilogue_t, cublasGemvTensorStridedBatched<const biasType<T6::value_type, T1>::type>)"
0.2,8418634,897,9385.3,9376.0,9088,9952,107.3,"void mul_mat_vec_q<(ggml_type)6, (int)1, (bool)0, (bool)1, (bool)0>(const void *, const void *, const int *, ggml_cuda_mm_fusion_args_device, float *, unsigned int, uint3, unsigned int, unsigned int, unsigned int, uint3, unsigned int, unsigned int, unsigned int, uint3, unsigned int, unsigned int, unsigned int, unsigned int)"
0.2,7631327,7515,1015.5,928.0,800,3968,305.6,"void reduce_rows_f32<(bool)0>(const float *, float *, int)"
0.2,7459935,8345,893.9,896.0,704,3264,179.8,"void unary_gated_op_kernel<&op_sigmoid, float>(const T2 *, const T2 *, T2 *, long, long, long, long)"
0.2,7345761,1184,6204.2,6176.0,5792,7328,168.2,"void mul_mat_vec_q<(ggml_type)42, (int)3, (bool)0, (bool)0, (bool)0>(const void *, const void *, const int *, ggml_cuda_mm_fusion_args_device, float *, unsigned int, uint3, unsigned int, unsigned int, unsigned int, uint3, unsigned int, unsigned int, unsigned int, uint3, unsigned int, unsigned int, unsigned int, unsigned int)"
0.2,7210531,7344,981.8,960.0,896,1280,46.5,"void k_get_rows_float<int, int>(const T1 *, const int *, T2 *, long, long, uint3, unsigned long, unsigned long, unsigned long, unsigned long, unsigned long, unsigned long, unsigned long, unsigned long, unsigned long)"
0.1,6237961,144,43319.2,46768.0,7520,89120,25216.2,"void mul_mat_q<(ggml_type)14, (int)32, (bool)0>(const char *, const int *, const int *, const int *, float *, float *, const float *, uint3, int, int, int, int, int, uint3, uint3, int, int, int, uint3, uint3, int, int, int, uint3)"
0.1,6235709,7422,840.2,832.0,672,1216,45.5,"void unary_gated_op_kernel<&op_silu, float>(const T2 *, const T2 *, T2 *, long, long, long, long)"
0.1,5932270,669,8867.4,7904.0,3936,62752,9735.2,"void mul_mat_vec_q<(ggml_type)14, (int)1, (bool)0, (bool)0, (bool)0>(const void *, const void *, const int *, ggml_cuda_mm_fusion_args_device, float *, unsigned int, uint3, unsigned int, unsigned int, unsigned int, uint3, unsigned int, unsigned int, unsigned int, uint3, unsigned int, unsigned int, unsigned int, unsigned int)"
0.1,5721344,7515,761.3,800.0,576,1056,96.8,"void op_clamp_kernel<float>(const T1 *, T1 *, T1, T1, int)"
0.1,5716929,7360,776.8,768.0,704,1056,35.0,"void k_bin_bcast<&op_div, float, float, float, const float *>(const T2 *, const T3 *, T4 *, unsigned int, unsigned int, unsigned int, uint3, uint3, uint3, uint3, uint3, unsigned int, unsigned int, unsigned int, unsigned int, unsigned int, unsigned int, unsigned int, unsigned int, unsigned int, unsigned int, unsigned int, T5...)"
0.1,5559858,384,14478.8,14848.0,9408,20032,4059.8,"void mul_mat_vec_q<(ggml_type)8, (int)4, (bool)0, (bool)0, (bool)0>(const void *, const void *, const int *, ggml_cuda_mm_fusion_args_device, float *, unsigned int, uint3, unsigned int, unsigned int, unsigned int, uint3, unsigned int, unsigned int, unsigned int, uint3, unsigned int, unsigned int, unsigned int, unsigned int)"
0.1,5491872,3648,1505.4,1472.0,1280,2144,172.7,"void dequantize_block_q8_0_f16<(bool)0>(const void *, __half *, long)"
0.1,4770596,144,33129.1,36128.0,4928,68960,19859.3,"void mul_mat_vec_q<(ggml_type)14, (int)4, (bool)0, (bool)0, (bool)0>(const void *, const void *, const int *, ggml_cuda_mm_fusion_args_device, float *, unsigned int, uint3, unsigned int, unsigned int, unsigned int, uint3, unsigned int, unsigned int, unsigned int, uint3, unsigned int, unsigned int, unsigned int, unsigned int)"
0.1,4613576,382,12077.4,12448.0,9376,16704,2087.2,"void mul_mat_vec_q<(ggml_type)8, (int)2, (bool)0, (bool)0, (bool)0>(const void *, const void *, const int *, ggml_cuda_mm_fusion_args_device, float *, unsigned int, uint3, unsigned int, unsigned int, unsigned int, uint3, unsigned int, unsigned int, unsigned int, uint3, unsigned int, unsigned int, unsigned int, unsigned int)"
0.1,4545530,598,7601.2,7632.0,1472,14624,6094.1,"void mul_mat_vec_f<float, float, (int)1, (int)256, (bool)0, (bool)0>(const T1 *, const float *, const int *, ggml_cuda_mm_fusion_args_device, float *, int, uint3, int, int, int, uint3, int, int, int, uint3, int, int, int, int)"
0.1,4451129,144,30910.6,33152.0,3968,64704,18817.1,"void mul_mat_vec_q<(ggml_type)14, (int)2, (bool)0, (bool)0, (bool)0>(const void *, const void *, const int *, ggml_cuda_mm_fusion_args_device, float *, unsigned int, uint3, unsigned int, unsigned int, unsigned int, uint3, unsigned int, unsigned int, unsigned int, uint3, unsigned int, unsigned int, unsigned int, unsigned int)"
0.1,4444738,1860,2389.6,2208.0,1728,3424,391.8,"void k_get_rows<(int)32, (int)1, &dequantize_q8_0, float>(const void *, const int *, T4 *, long, long, uint3, unsigned long, unsigned long, unsigned long, unsigned long, unsigned long, unsigned long, unsigned long, unsigned long, unsigned long)"
0.1,4338885,2933,1479.3,1344.0,1120,9216,591.8,"void cpy_scalar<&cpy_1_scalar<float, float>>(const char *, char *, long, long, long, long, long, long, long, long, long, long, long, long, long, long, long)"
0.1,4120610,5544,743.3,736.0,608,1312,49.6,"void unary_op_kernel<&op_softplus, float>(const T2 *, T2 *, int)"
0.1,4074721,6431,633.6,608.0,576,992,69.8,"void cub::_V_300304_SM_1200::detail::topk::DeviceTopKLastFilterKernel<cub::_V_300304_SM_1200::detail::topk::policy_hub<float, unsigned int>::Policy900, const float *, cuda::__4::discard_iterator, cuda::__4::counting_iterator<int, (int)0, (int)0>, int *, unsigned int, unsigned int, float, cub::_V_300304_SM_1200::detail::topk::identify_candidates_op_t<float, (cub::_V_300304_SM_1200::detail::topk::select)1, (int)11>>(T2, T3, T4, T5, T8 *, T6 *, cub::_V_300304_SM_1200::detail::topk::Counter<cuda::std::__4::iterator_traits<T2, void>::value_type, T6, T7> *, T6, T7, T6, T9, int)"
0.1,4039971,1776,2274.8,2272.0,2176,2560,36.3,"void mul_mat_f<float, (int)32, (int)12, (int)2, (bool)0>(const T1 *, const float *, const int *, float *, int, int, int, int, int, int, int, int, int, int, int, int, int, int, int, int)"
0.1,3916180,148,26460.7,26464.0,25632,27328,354.4,"void mul_mat_f<__nv_bfloat162, (int)32, (int)3, (int)8, (bool)0>(const T1 *, const float *, const int *, float *, int, int, int, int, int, int, int, int, int, int, int, int, int, int, int, int)"
0.1,3899553,1950,1999.8,1824.0,1760,2880,329.1,"void flash_attn_stream_k_fixup_uniform<(int)256, (int)4, (int)8>(float *, const float2 *, int, int, int, int, int, int, uint3, uint3, uint3)"
0.1,3660387,192,19064.5,18816.0,17728,21184,865.9,"void mul_mat_q<(ggml_type)8, (int)32, (bool)0>(const char *, const int *, const int *, const int *, float *, float *, const float *, uint3, int, int, int, int, int, uint3, uint3, int, int, int, uint3, uint3, int, int, int, uint3)"
0.1,3256317,3720,875.4,832.0,672,1792,131.8,"void fwht_cuda<(int)256>(const float *, float *, long, float)"
0.1,3185185,3696,861.8,864.0,736,1152,87.8,"void cpy_scalar_transpose<float>(const char *, char *, long, long, long, long, long, long, long, long, long, long, long, long, long, long, long)"
0.1,3071970,134,22925.1,7216.0,6112,60384,18591.7,"void mul_mat_q<(ggml_type)23, (int)32, (bool)0>(const char *, const int *, const int *, const int *, float *, float *, const float *, uint3, int, int, int, int, int, uint3, uint3, int, int, int, uint3, uint3, int, int, int, uint3)"
0.1,2945951,3720,791.9,768.0,640,4192,229.7,"void fwht_cuda<(int)64>(const float *, float *, long, float)"
0.1,2799653,192,14581.5,14256.0,13312,16512,855.6,"void mul_mat_q<(ggml_type)8, (int)32, (bool)1>(const char *, const int *, const int *, const int *, float *, float *, const float *, uint3, int, int, int, int, int, uint3, uint3, int, int, int, uint3, uint3, int, int, int, uint3)"
0.1,2594175,148,17528.2,17568.0,16480,17919,224.6,"void mul_mat_vec_q<(ggml_type)6, (int)3, (bool)0, (bool)0, (bool)0>(const void *, const void *, const int *, ggml_cuda_mm_fusion_args_device, float *, unsigned int, uint3, unsigned int, unsigned int, unsigned int, uint3, unsigned int, unsigned int, unsigned int, uint3, unsigned int, unsigned int, unsigned int, unsigned int)"
0.1,2587608,148,17483.8,17504.0,17088,17920,174.6,"void mul_mat_f<__nv_bfloat162, (int)32, (int)3, (int)3, (bool)0>(const T1 *, const float *, const int *, float *, int, int, int, int, int, int, int, int, int, int, int, int, int, int, int, int)"
0.1,2563392,134,19129.8,5744.0,3520,52927,17040.2,"void mul_mat_vec_q<(ggml_type)23, (int)4, (bool)0, (bool)0, (bool)0>(const void *, const void *, const int *, ggml_cuda_mm_fusion_args_device, float *, unsigned int, uint3, unsigned int, unsigned int, unsigned int, uint3, unsigned int, unsigned int, unsigned int, uint3, unsigned int, unsigned int, unsigned int, unsigned int)"
0.1,2551332,96,26576.4,32784.5,5952,71617,21148.5,"void mul_mat_q<(ggml_type)12, (int)32, (bool)0>(const char *, const int *, const int *, const int *, float *, float *, const float *, uint3, int, int, int, int, int, uint3, uint3, int, int, int, uint3, uint3, int, int, int, uint3)"
0.1,2508737,1860,1348.8,1344.0,1248,1664,58.0,"void k_bin_bcast<&op_add, __half, __half, __half, const __half *>(const T2 *, const T3 *, T4 *, unsigned int, unsigned int, unsigned int, uint3, uint3, uint3, uint3, uint3, unsigned int, unsigned int, unsigned int, unsigned int, unsigned int, unsigned int, unsigned int, unsigned int, unsigned int, unsigned int, unsigned int, T5...)"
0.0,2055735,132,15573.8,4816.0,2816,41600,13414.3,"void mul_mat_vec_q<(ggml_type)23, (int)2, (bool)0, (bool)0, (bool)0>(const void *, const void *, const int *, ggml_cuda_mm_fusion_args_device, float *, unsigned int, uint3, unsigned int, unsigned int, unsigned int, uint3, unsigned int, unsigned int, unsigned int, uint3, unsigned int, unsigned int, unsigned int, unsigned int)"
0.0,2046209,299,6843.5,6656.0,5313,8128,481.5,"void flash_attn_ext_f16<(int)256, (int)256, (int)1, (int)8, (bool)0, (bool)0, (bool)0>(const char *, const char *, const char *, const char *, const char *, const int *, float *, float2 *, float, float, float, float, unsigned int, float, int, uint3, int, int, int, int, int, int, int, int, int, int, int, long, int, int, long, int, int, int, int, int, long)"
0.0,1977345,2480,797.3,832.0,544,1120,124.2,"void cpy_scalar_contiguous<__half, float>(const char *, char *, long)"
0.0,1893634,110,17214.9,7648.0,6720,78848,17256.6,"void mul_mat_q<(ggml_type)21, (int)32, (bool)0>(const char *, const int *, const int *, const int *, float *, float *, const float *, uint3, int, int, int, int, int, uint3, uint3, int, int, int, uint3, uint3, int, int, int, uint3)"
0.0,1821438,148,12307.0,11248.0,7424,131008,14345.6,"void mul_mat_f<__nv_bfloat162, (int)32, (int)4, (int)7, (bool)0>(const T1 *, const float *, const int *, float *, int, int, int, int, int, int, int, int, int, int, int, int, int, int, int, int)"
0.0,1816156,147,12354.8,11104.0,7264,132704,14517.1,"void mul_mat_f<__nv_bfloat162, (int)32, (int)2, (int)7, (bool)0>(const T1 *, const float *, const int *, float *, int, int, int, int, int, int, int, int, int, int, int, int, int, int, int, int)"
0.0,1811738,100,18117.4,14944.0,3008,51039,15128.6,"void mul_mat_vec_q<(ggml_type)12, (int)2, (bool)0, (bool)0, (bool)0>(const void *, const void *, const int *, ggml_cuda_mm_fusion_args_device, float *, unsigned int, uint3, unsigned int, unsigned int, unsigned int, uint3, unsigned int, unsigned int, unsigned int, uint3, unsigned int, unsigned int, unsigned int, unsigned int)"
0.0,1774686,29,61196.1,28096.0,3904,1034496,187655.8,"void mul_mat_vec_q<(ggml_type)13, (int)2, (bool)0, (bool)0, (bool)0>(const void *, const void *, const int *, ggml_cuda_mm_fusion_args_device, float *, unsigned int, uint3, unsigned int, unsigned int, unsigned int, uint3, unsigned int, unsigned int, unsigned int, uint3, unsigned int, unsigned int, unsigned int, unsigned int)"
0.0,1704128,299,5699.4,5664.0,5536,5984,103.9,"pad_f32(const float *, unsigned long, unsigned long, unsigned long, unsigned long, float *, int, int, int, int, int, int, int, int, int, int, int, int, bool)"
0.0,1611615,1860,866.5,864.0,800,1248,35.0,"void k_set_rows<float, int, __half>(const T1 *, const T2 *, T3 *, long, long, long, long, long, long, long, long, long, long, long, long, long, long, uint3, uint3, uint3, uint3, uint3)"
0.0,1406849,110,12789.5,5856.0,4160,61953,13071.3,"void mul_mat_vec_q<(ggml_type)21, (int)4, (bool)0, (bool)0, (bool)0>(const void *, const void *, const int *, ggml_cuda_mm_fusion_args_device, float *, unsigned int, uint3, unsigned int, unsigned int, unsigned int, uint3, unsigned int, unsigned int, unsigned int, uint3, unsigned int, unsigned int, unsigned int, unsigned int)"
0.0,1351040,379,3564.7,3424.0,3072,5184,445.9,"void topk_moe_cuda<(int)512, (bool)0>(const float *, float *, int *, float *, int, int, float, float, topk_moe_config)"
0.0,1270428,297,4277.5,2720.0,1504,126624,7898.5,"void mul_mat_vec_f<__nv_bfloat16, float, (int)1, (int)256, (bool)0, (bool)0>(const T1 *, const float *, const int *, ggml_cuda_mm_fusion_args_device, float *, int, uint3, int, int, int, uint3, int, int, int, uint3, int, int, int, int)"
0.0,1238592,1860,665.9,672.0,576,864,31.0,"void unary_op_kernel<&op_relu, float>(const T2 *, T2 *, int)"
0.0,1098104,110,9982.8,5088.0,3488,46592,9527.8,"void mul_mat_vec_q<(ggml_type)21, (int)2, (bool)0, (bool)0, (bool)0>(const void *, const void *, const int *, ggml_cuda_mm_fusion_args_device, float *, unsigned int, uint3, unsigned int, unsigned int, unsigned int, uint3, unsigned int, unsigned int, unsigned int, uint3, unsigned int, unsigned int, unsigned int, unsigned int)"
0.0,1074305,120,8952.5,8944.0,8384,9728,290.6,nvjet_sm120_tss_mma_128x16x64_5_64x8x64_tmaAB_alignCD4_splitK_TNNN
0.0,1052704,608,1731.4,1696.0,1504,5600,287.6,"void rms_norm_f32<(int)1024, (bool)0, (bool)0>(const float *, float *, int, long, long, long, float, const float *, long, long, long, uint3, uint3, uint3, uint3, const float *, long, long, long, uint3, uint3, uint3, uint3)"
0.0,994625,1860,534.7,544.0,448,736,35.9,"void fill_kernel<__half>(T1 *, long, T1)"
0.0,994112,1860,534.5,512.0,448,736,34.4,"void fill_kernel<float>(T1 *, long, T1)"
0.0,992353,28,35441.2,36976.0,6496,62145,17394.0,"void mul_mat_q<(ggml_type)13, (int)32, (bool)0>(const char *, const int *, const int *, const int *, float *, float *, const float *, uint3, int, int, int, int, int, uint3, uint3, int, int, int, uint3, uint3, int, int, int, uint3)"
0.0,970849,870,1115.9,992.0,704,2464,361.6,"void quantize_mmq_q8_1<(mmq_q8_1_ds_layout)0, (bool)0>(const float *, const int *, void *, long, long, long, long, long, int, int, int)"
0.0,947101,97,9763.9,9696.0,9152,10720,336.7,"void mul_mat_vec_q<(ggml_type)8, (int)1, (bool)0, (bool)0, (bool)0>(const void *, const void *, const int *, ggml_cuda_mm_fusion_args_device, float *, unsigned int, uint3, unsigned int, unsigned int, unsigned int, uint3, unsigned int, unsigned int, unsigned int, uint3, unsigned int, unsigned int, unsigned int, unsigned int)"
0.0,877922,192,4572.5,4576.0,4384,4768,100.6,"void mul_mat_q_stream_k_fixup<(ggml_type)8, (int)32, (bool)1>(const int *, const int *, float *, float *, uint3, int, int, int, uint3, int, uint3, int, uint3)"
0.0,861564,49,17582.9,21120.0,2944,41120,14221.9,"void mul_mat_vec_q<(ggml_type)23, (int)1, (bool)0, (bool)1, (bool)0>(const void *, const void *, const int *, ggml_cuda_mm_fusion_args_device, float *, unsigned int, uint3, unsigned int, unsigned int, unsigned int, uint3, unsigned int, unsigned int, unsigned int, uint3, unsigned int, unsigned int, unsigned int, unsigned int)"
0.0,827937,28,29569.2,30768.0,4960,58080,15655.0,"void mul_mat_vec_q<(ggml_type)13, (int)4, (bool)0, (bool)0, (bool)0>(const void *, const void *, const int *, ggml_cuda_mm_fusion_args_device, float *, unsigned int, uint3, unsigned int, unsigned int, unsigned int, uint3, unsigned int, unsigned int, unsigned int, uint3, unsigned int, unsigned int, unsigned int, unsigned int)"
0.0,752416,763,986.1,960.0,864,2976,160.8,"void k_bin_bcast<&op_repeat, float, float, float, >(const T2 *, const T3 *, T4 *, unsigned int, unsigned int, unsigned int, uint3, uint3, uint3, uint3, uint3, unsigned int, unsigned int, unsigned int, unsigned int, unsigned int, unsigned int, unsigned int, unsigned int, unsigned int, unsigned int, unsigned int, T5...)"
0.0,723390,22,32881.4,46752.0,6368,55712,22376.3,"void mul_mat_vec_q<(ggml_type)21, (int)1, (bool)1, (bool)0, (bool)0>(const void *, const void *, const int *, ggml_cuda_mm_fusion_args_device, float *, unsigned int, uint3, unsigned int, unsigned int, unsigned int, uint3, unsigned int, unsigned int, unsigned int, uint3, unsigned int, unsigned int, unsigned int, unsigned int)"
0.0,707521,38,18619.0,22496.0,3104,23520,7981.1,"void mul_mat_vec_q<(ggml_type)42, (int)1, (bool)0, (bool)1, (bool)0>(const void *, const void *, const int *, ggml_cuda_mm_fusion_args_device, float *, unsigned int, uint3, unsigned int, unsigned int, unsigned int, uint3, unsigned int, unsigned int, unsigned int, uint3, unsigned int, unsigned int, unsigned int, unsigned int)"
0.0,693952,490,1416.2,1152.0,1056,9952,631.8,"void concat_cont<unsigned int, (int)0>(const T1 *, const T1 *, T1 *, long, long, long, long, long, long)"
0.0,682368,906,753.2,768.0,576,1088,107.9,"void k_set_rows<float, long, __half>(const T1 *, const T2 *, T3 *, long, long, long, long, long, long, long, long, long, long, long, long, long, long, uint3, uint3, uint3, uint3, uint3)"
0.0,629021,60,10483.7,3968.0,3392,27840,9892.5,"void mul_mat_vec_q<(ggml_type)20, (int)1, (bool)0, (bool)1, (bool)0>(const void *, const void *, const int *, ggml_cuda_mm_fusion_args_device, float *, unsigned int, uint3, unsigned int, unsigned int, unsigned int, uint3, unsigned int, unsigned int, unsigned int, uint3, unsigned int, unsigned int, unsigned int, unsigned int)"
0.0,539715,80,6746.4,6752.0,6336,7104,144.9,"void mul_mat_vec_q<(ggml_type)20, (int)4, (bool)0, (bool)0, (bool)0>(const void *, const void *, const int *, ggml_cuda_mm_fusion_args_device, float *, unsigned int, uint3, unsigned int, unsigned int, unsigned int, uint3, unsigned int, unsigned int, unsigned int, uint3, unsigned int, unsigned int, unsigned int, unsigned int)"
0.0,528511,10,52851.1,53087.5,47264,56064,2502.6,"void mul_mat_vec_q<(ggml_type)22, (int)1, (bool)1, (bool)1, (bool)0>(const void *, const void *, const int *, ggml_cuda_mm_fusion_args_device, float *, unsigned int, uint3, unsigned int, unsigned int, unsigned int, uint3, unsigned int, unsigned int, unsigned int, uint3, unsigned int, unsigned int, unsigned int, unsigned int)"
0.0,528065,80,6600.8,6544.0,6304,7328,187.3,"void mul_mat_q<(ggml_type)20, (int)32, (bool)0>(const char *, const int *, const int *, const int *, float *, float *, const float *, uint3, int, int, int, int, int, uint3, uint3, int, int, int, uint3, uint3, int, int, int, uint3)"
0.0,524958,191,2748.5,2752.0,2464,3072,139.7,"std::enable_if<!T7, void>::type internal::gemvx::kernel<int, int, __nv_bfloat16, float, float, float, (bool)0, (bool)1, (bool)1, (bool)0, (int)7, (bool)0, cublasGemvParamsEx<int, cublasGemvTensorStridedBatched<const __nv_bfloat16>, cublasGemvTensorStridedBatched<const float>, cublasGemvTensorStridedBatched<float>, float>>(T13)"
0.0,493823,10,49382.3,50544.0,45504,52416,2572.8,"void mul_mat_vec_q<(ggml_type)17, (int)1, (bool)1, (bool)1, (bool)0>(const void *, const void *, const int *, ggml_cuda_mm_fusion_args_device, float *, unsigned int, uint3, unsigned int, unsigned int, unsigned int, uint3, unsigned int, unsigned int, unsigned int, uint3, unsigned int, unsigned int, unsigned int, unsigned int)"
0.0,439744,37,11885.0,4512.0,3360,45472,10589.0,"void mul_mat_vec_q<(ggml_type)21, (int)1, (bool)0, (bool)0, (bool)0>(const void *, const void *, const int *, ggml_cuda_mm_fusion_args_device, float *, unsigned int, uint3, unsigned int, unsigned int, unsigned int, uint3, unsigned int, unsigned int, unsigned int, uint3, unsigned int, unsigned int, unsigned int, unsigned int)"
0.0,424929,26,16343.4,16320.0,16096,16768,147.0,"void flash_attn_stream_k_fixup_general<(int)256, (int)8, (int)8>(float *, const float2 *, int, int, int, int, uint3, uint3, uint3, uint3)"
0.0,422207,26,16238.7,16256.0,15169,16800,301.3,"void flash_attn_ext_f16<(int)256, (int)256, (int)8, (int)8, (bool)0, (bool)0, (bool)0>(const char *, const char *, const char *, const char *, const char *, const int *, float *, float2 *, float, float, float, float, unsigned int, float, int, uint3, int, int, int, int, int, int, int, int, int, int, int, long, int, int, long, int, int, int, int, int, long)"
0.0,420736,9,46748.4,45312.0,44256,50816,2558.8,"void mul_mat_vec_q<(ggml_type)16, (int)1, (bool)1, (bool)1, (bool)0>(const void *, const void *, const int *, ggml_cuda_mm_fusion_args_device, float *, unsigned int, uint3, unsigned int, unsigned int, unsigned int, uint3, unsigned int, unsigned int, unsigned int, uint3, unsigned int, unsigned int, unsigned int, unsigned int)"
0.0,411072,134,3067.7,3520.0,2176,4096,678.0,"void mul_mat_q_stream_k_fixup<(ggml_type)23, (int)32, (bool)0>(const int *, const int *, float *, float *, uint3, int, int, int, uint3, int, uint3, int, uint3)"
0.0,410944,192,2140.3,2144.0,2048,2336,73.6,"void mul_mat_q_stream_k_fixup<(ggml_type)8, (int)32, (bool)0>(const int *, const int *, float *, float *, uint3, int, int, int, uint3, int, uint3, int, uint3)"
0.0,410338,144,2849.6,2560.0,2176,4192,609.4,"void mul_mat_q_stream_k_fixup<(ggml_type)14, (int)32, (bool)0>(const int *, const int *, float *, float *, uint3, int, int, int, uint3, int, uint3, int, uint3)"
0.0,395584,79,5007.4,4992.0,4512,5600,220.3,"void mul_mat_vec_q<(ggml_type)20, (int)2, (bool)0, (bool)0, (bool)0>(const void *, const void *, const int *, ggml_cuda_mm_fusion_args_device, float *, unsigned int, uint3, unsigned int, unsigned int, unsigned int, uint3, unsigned int, unsigned int, unsigned int, uint3, unsigned int, unsigned int, unsigned int, unsigned int)"
0.0,363839,110,3307.6,3600.0,2240,3904,585.3,"void mul_mat_q_stream_k_fixup<(ggml_type)21, (int)32, (bool)0>(const int *, const int *, float *, float *, uint3, int, int, int, uint3, int, uint3, int, uint3)"
0.0,342784,299,1146.4,1120.0,960,1440,90.9,"void flash_attn_stream_k_fixup_uniform<(int)256, (int)1, (int)8>(float *, const float2 *, int, int, int, int, int, int, uint3, uint3, uint3)"
0.0,316448,7,45206.9,45568.0,42176,50528,3226.8,"void mul_mat_vec_q<(ggml_type)18, (int)1, (bool)1, (bool)0, (bool)0>(const void *, const void *, const int *, ggml_cuda_mm_fusion_args_device, float *, unsigned int, uint3, unsigned int, unsigned int, unsigned int, uint3, unsigned int, unsigned int, unsigned int, uint3, unsigned int, unsigned int, unsigned int, unsigned int)"
0.0,316064,144,2194.9,2176.0,1984,2720,126.7,nvjet_sm120_tss_mma_32x16x128_8_16x8x128_tmaAB_alignCD4_splitK_TNNN
0.0,290943,24,12122.6,12096.0,11776,12576,207.8,"void flash_attn_ext_vec<(int)256, (int)2, (ggml_type)8, (ggml_type)8, (bool)0>(const char *, const char *, const char *, const char *, const char *, const int *, float *, float2 *, float, float, float, float, unsigned int, float, int, uint3, int, int, int, int, int, int, int, int, int, int, int, long, int, int, long, int, int, int, int, int, long)"
0.0,289153,96,3012.0,2560.0,2176,4000,672.5,"void mul_mat_q_stream_k_fixup<(ggml_type)12, (int)32, (bool)0>(const int *, const int *, float *, float *, uint3, int, int, int, uint3, int, uint3, int, uint3)"
0.0,274112,2,137056.0,137056.0,136672,137440,543.1,nvjet_sm120_tss_mma_320x32x64_2_80x16x64_tmaAB_alignCD4_bz_TNNN
0.0,188256,80,2353.2,2368.0,2176,2464,39.7,"void mul_mat_q_stream_k_fixup<(ggml_type)20, (int)32, (bool)0>(const int *, const int *, float *, float *, uint3, int, int, int, uint3, int, uint3, int, uint3)"
0.0,153632,128,1200.3,1152.0,992,3360,299.4,"void quantize_mmq_q8_1<(mmq_q8_1_ds_layout)1, (bool)0>(const float *, const int *, void *, long, long, long, long, long, int, int, int)"
0.0,131009,12,10917.4,10944.0,10720,11168,154.3,"void flash_attn_ext_vec<(int)256, (int)1, (ggml_type)8, (ggml_type)8, (bool)0>(const char *, const char *, const char *, const char *, const char *, const int *, float *, float2 *, float, float, float, float, unsigned int, float, int, uint3, int, int, int, int, int, int, int, int, int, int, int, long, int, int, long, int, int, int, int, int, long)"
0.0,127072,6,21178.7,21216.0,20864,21408,187.0,"void mul_mat_vec_q<(ggml_type)23, (int)1, (bool)0, (bool)0, (bool)0>(const void *, const void *, const int *, ggml_cuda_mm_fusion_args_device, float *, unsigned int, uint3, unsigned int, unsigned int, unsigned int, uint3, unsigned int, unsigned int, unsigned int, uint3, unsigned int, unsigned int, unsigned int, unsigned int)"
0.0,123968,16,7748.0,7760.0,7424,8000,169.3,"void mul_mat_vec_q<(ggml_type)42, (int)4, (bool)0, (bool)0, (bool)0>(const void *, const void *, const int *, ggml_cuda_mm_fusion_args_device, float *, unsigned int, uint3, unsigned int, unsigned int, unsigned int, uint3, unsigned int, unsigned int, unsigned int, uint3, unsigned int, unsigned int, unsigned int, unsigned int)"
0.0,118239,4,29559.8,29584.0,29344,29727,171.8,"void mul_mat_vec_f<__nv_bfloat16, float, (int)1, (int)160, (bool)0, (bool)0>(const T1 *, const float *, const int *, ggml_cuda_mm_fusion_args_device, float *, int, uint3, int, int, int, uint3, int, int, int, uint3, int, int, int, int)"
0.0,108736,155,701.5,704.0,576,928,53.0,"void unary_op_kernel<&op_sgn, float>(const T2 *, T2 *, int)"
0.0,106240,155,685.4,704.0,576,800,42.0,"void unary_op_kernel<&op_abs, float>(const T2 *, T2 *, int)"
0.0,104992,155,677.4,672.0,544,800,41.1,"void unary_op_kernel<&op_sqrt, float>(const T2 *, T2 *, int)"
0.0,95264,24,3969.3,3968.0,3808,4224,112.2,nvjet_sm120_tss_mma_64x24x128_4_16x24x128_tmaAB_alignCD4_splitK_TNNN
0.0,94976,16,5936.0,5888.0,5664,6368,172.5,"void mul_mat_q<(ggml_type)42, (int)32, (bool)0>(const char *, const int *, const int *, const int *, float *, float *, const float *, uint3, int, int, int, int, int, uint3, uint3, int, int, int, uint3, uint3, int, int, int, uint3)"
0.0,81056,16,5066.0,5072.0,4672,5536,270.7,"void mul_mat_vec_q<(ggml_type)42, (int)2, (bool)0, (bool)0, (bool)0>(const void *, const void *, const int *, ggml_cuda_mm_fusion_args_device, float *, unsigned int, uint3, unsigned int, unsigned int, unsigned int, uint3, unsigned int, unsigned int, unsigned int, uint3, unsigned int, unsigned int, unsigned int, unsigned int)"
0.0,76384,28,2728.0,2544.0,2176,3904,543.3,"void mul_mat_q_stream_k_fixup<(ggml_type)13, (int)32, (bool)0>(const int *, const int *, float *, float *, uint3, int, int, int, uint3, int, uint3, int, uint3)"
0.0,70368,2,35184.0,35184.0,35072,35296,158.4,nvjet_sm120_tss_mma_128x32x64_4_32x16x64_tmaAB_alignCD4_bz_TNNN
0.0,55104,24,2296.0,2304.0,2208,2336,28.7,"void mul_mat_f<float, (int)32, (int)16, (int)2, (bool)0>(const T1 *, const float *, const int *, float *, int, int, int, int, int, int, int, int, int, int, int, int, int, int, int, int)"
0.0,48864,24,2036.0,2048.0,1952,2080,26.4,"void mul_mat_f<float, (int)32, (int)8, (int)2, (bool)0>(const T1 *, const float *, const int *, float *, int, int, int, int, int, int, int, int, int, int, int, int, int, int, int, int)"
0.0,47423,7,6774.7,6816.0,6240,7167,353.1,"void mul_mat_vec_q<(ggml_type)23, (int)1, (bool)1, (bool)1, (bool)0>(const void *, const void *, const int *, ggml_cuda_mm_fusion_args_device, float *, unsigned int, uint3, unsigned int, unsigned int, unsigned int, uint3, unsigned int, unsigned int, unsigned int, uint3, unsigned int, unsigned int, unsigned int, unsigned int)"
0.0,42593,12,3549.4,4288.0,992,4673,1516.5,"void flash_attn_combine_results<(int)256>(const float *, const float2 *, float *, int)"
0.0,39904,24,1662.7,1664.0,1600,1696,27.5,nvjet_sm120_sss_tf32_mma_64x24x64_4_16x24x64_tmaAB_alignCD4_splitK_TNNN
0.0,39743,2,19871.5,19871.5,19328,20415,768.6,"void mul_mat_vec_q<(ggml_type)6, (int)4, (bool)0, (bool)0, (bool)0>(const void *, const void *, const int *, ggml_cuda_mm_fusion_args_device, float *, unsigned int, uint3, unsigned int, unsigned int, unsigned int, uint3, unsigned int, unsigned int, unsigned int, uint3, unsigned int, unsigned int, unsigned int, unsigned int)"
0.0,37184,16,2324.0,2336.0,2176,2368,48.0,"void mul_mat_q_stream_k_fixup<(ggml_type)42, (int)32, (bool)0>(const int *, const int *, float *, float *, uint3, int, int, int, uint3, int, uint3, int, uint3)"
0.0,35392,2,17696.0,17696.0,17568,17824,181.0,"void mul_mat_q<(ggml_type)6, (int)32, (bool)0>(const char *, const int *, const int *, const int *, float *, float *, const float *, uint3, int, int, int, int, int, uint3, uint3, int, int, int, uint3, uint3, int, int, int, uint3)"
0.0,34784,36,966.2,960.0,864,1056,39.6,"void unary_gated_op_kernel<&op_softplus, float>(const T2 *, const T2 *, T2 *, long, long, long, long)"
0.0,31968,4,7992.0,7936.0,4768,11328,3599.2,"void mul_mat_q<(ggml_type)12, (int)32, (bool)1>(const char *, const int *, const int *, const int *, float *, float *, const float *, uint3, int, int, int, int, int, uint3, uint3, int, int, int, uint3, uint3, int, int, int, uint3)"
0.0,28576,2,14288.0,14288.0,13984,14592,429.9,"void mul_mat_vec_q<(ggml_type)6, (int)2, (bool)0, (bool)0, (bool)0>(const void *, const void *, const int *, ggml_cuda_mm_fusion_args_device, float *, unsigned int, uint3, unsigned int, unsigned int, unsigned int, uint3, unsigned int, unsigned int, unsigned int, uint3, unsigned int, unsigned int, unsigned int, unsigned int)"
0.0,27840,4,6960.0,6976.0,4288,9600,3012.0,"void mul_mat_q_stream_k_fixup<(ggml_type)12, (int)32, (bool)1>(const int *, const int *, float *, float *, uint3, int, int, int, uint3, int, uint3, int, uint3)"
0.0,25920,1,25920.0,25920.0,25920,25920,0.0,"void mul_mat_f<__nv_bfloat162, (int)32, (int)2, (int)8, (bool)0>(const T1 *, const float *, const int *, float *, int, int, int, int, int, int, int, int, int, int, int, int, int, int, int, int)"
0.0,24064,12,2005.3,2016.0,1952,2048,31.5,"void mul_mat_f<float, (int)32, (int)4, (int)2, (bool)0>(const T1 *, const float *, const int *, float *, int, int, int, int, int, int, int, int, int, int, int, int, int, int, int, int)"
0.0,17184,1,17184.0,17184.0,17184,17184,0.0,"void mul_mat_f<__nv_bfloat162, (int)32, (int)2, (int)3, (bool)0>(const T1 *, const float *, const int *, float *, int, int, int, int, int, int, int, int, int, int, int, int, int, int, int, int)"
0.0,13280,2,6640.0,6640.0,6336,6944,429.9,"void flash_attn_ext_f16<(int)256, (int)256, (int)2, (int)8, (bool)0, (bool)0, (bool)0>(const char *, const char *, const char *, const char *, const char *, const int *, float *, float2 *, float, float, float, float, unsigned int, float, int, uint3, int, int, int, int, int, int, int, int, int, int, int, long, int, int, long, int, int, int, int, int, long)"
0.0,4256,2,2128.0,2128.0,2048,2208,113.1,"void mul_mat_q_stream_k_fixup<(ggml_type)6, (int)32, (bool)0>(const int *, const int *, float *, float *, uint3, int, int, int, uint3, int, uint3, int, uint3)"
0.0,2144,2,1072.0,1072.0,1024,1120,67.9,"void flash_attn_stream_k_fixup_uniform<(int)256, (int)2, (int)8>(float *, const float2 *, int, int, int, int, int, int, uint3, uint3, uint3)"
